id;titulo;autor;ano;genero
1;Dom Casmurro;Machado de assis;1899;romance
2;o pequeno príncipe;Antoine de saint-exupéry;1943;ficção
3;harry potter e a pedra filosofal;J.K.Rowling;1997;fantasia
4;o senhor dos aneis;J.R.R Tolkien;1954;fantasia
5;a culpa é das estrelas;John Green;2012;romance
6;1984;George Orwell;1949;distopia
7;o alquimista;Paulo Coelho;1988;aventura
8;capitães da areia;Jorge Amado;1937;romance
9;a revolução dos bichos;George Orwell;1945;sátira
10;percy jackson e o ladrao de raios;Rick Riordan;2005;fantasia
